[{
  "_id": {
    "$oid": "65d7b4b10ec25bfdd5ecf0d8"
  },
  "post": "picture",
  "text": "spring with fams",
  "picture location": "Maimi",
  "group": "Family",
  "like": "57",
  "comment": [
    {
      "text": "great",
      "user": "jane"
    },
    {
      "user": "tay",
      "text": "i wanna"
    }
  ],
  "date posted": "25-01-2024"
},
{
  "_id": {
    "$oid": "65d7b9ab0ec25bfdd5ecf0db"
  },
  "post": "picture",
  "text": "farm fields",
  "picture location": "Glasgow",
  "like": "97",
  "comment": [
    {
      "text": "usy",
      "user": "beautiful"
    },
    {
      "text": "ria",
      "user": "funz"
    }
  ],
  "date posted": "15-01-2024"
},
{
  "_id": {
    "$oid": "65d7bc570ec25bfdd5ecf0de"
  },
  "post": "picture",
  "text": "Xmas Party",
  "picture location": "London",
  "group": [
    {
      "0": "Family",
      "1": "Friends"
    }
  ],
  "like": "102",
  "comment": [
    {
      "user": "love",
      "text": "let's do again next year"
    },
    {
      "user": "babes",
      "text": "love it fun fun"
    }
  ],
  "date posted": "25-12-2023"
}]